id,status,date_uploaded,file,family,parent,change,hypothesis,valid_auc,public_auc,delta_vs_parent,verdict,lesson
E01,uploaded,2026-10-04,single_lightgbm.csv,baseline,,"lightgbm 127 leaves lr 0.1, 159 raw + 128 graph features, steps 1-35",reference point,0.9976,0.9496,,baseline,validation 0.998 vs public 0.950: the test period drifts and validation cannot rank drift fixes
E02,uploaded,2026-10-04,blend_lightgbm_random_forest.csv,blend,E01,rank average with a deep random forest,two different tree models are more robust than one,0.9975,0.9388,-0.0108,hurt,"the deep forest fits the training era too closely, blending it in drags the ranking down"
E03,uploaded,2026-10-04,lgb_drift15.csv,feature removal,E01,drop top 15 train-vs-test features by adversarial importance,period-specific features mislead the model on test,0.9969,0.9408,-0.0088,hurt,"the removed list contained strong predictors (feat_53, feat_52); looking different in test does not make a feature harmful"
E04,uploaded,2026-10-05,lgb_reg.csv,smoothing,E01,"31 leaves, lr 0.03, colsample 0.5, min_child_samples 50",a less sharp model extrapolates better,0.9976,0.9512,+0.0016,noise,best file so far but within noise of E01
E05,uploaded,2026-10-05,lgb_recent.csv,recency,E01,train on steps 15-35 only,recent behaviour is closer to the test period,0.9972,0.9450,-0.0046,hurt,dropping early steps loses more signal than it gains in recency
E06,uploaded,2026-10-05,lgb_weakdrift.csv,feature removal,E01,drop 8 features that shift > 1 std and have univariate auc within 0.1 of 0.5,only shifted and uninformative features should go,0.9971,0.9443,-0.0053,hurt,even a mild removal rule hurt; third removal attempt to lose
E07,uploaded,2026-10-06,lgb_reg2.csv,smoothing,E04,"15 leaves, lr 0.02, colsample 0.4, min_child_samples 100",more smoothing helps further,0.9977,0.9500,-0.0012,noise,smoothing past E04 does not help
E08,uploaded,2026-10-06,lgb_reg_impweight.csv,weighting,E04,"adversarial importance weights sqrt(p/(1-p)), clipped",training rows resembling test should count more,0.9966,0.9513,+0.0001,noise,importance weighting has no measurable effect
E09,uploaded,2026-10-06,lgb_impweight.csv,weighting,E01,adversarial importance weights on the E01 model,same as E08 on the sharper model,0.9965,0.9498,+0.0002,noise,confirms E08
E10,built,,lgb_drift30.csv,feature removal,E01,drop top 30 adversarial features,,0.9963,,,not uploaded,"removal family has lost every time, low priority"
E11,built,,lgb_drift45.csv,feature removal,E01,drop top 45 adversarial features,,0.9966,,,not uploaded,"removal family has lost every time, low priority"
E12,built,,lgb_reg_drift15.csv,feature removal,E04,E04 minus 15 adversarial features,,0.9976,,,not uploaded,combines a noise change with a losing one
E13,built,,lgb_recent_drift15.csv,recency,E03,E03 trained on steps 15-35,,0.9970,,,not uploaded,combines two losing changes
E14,built,,lgb_stepnorm.csv,normalisation,E01,features replaced by percentile rank within each time step,,0.9150,,,not uploaded,validation collapses: absolute values carry the signal
E15,built,,lgb_timedecay.csv,recency,E01,row weights halve every 10 steps back,soft version of E05,0.9974,,,not uploaded,dropped from the queue after E05 lost
E16,built,,lgb_stable.csv,feature removal,E01,drop 31 features whose univariate auc flips or moves > 0.15 between steps 1-14 and 15-27,keep features with a stable relation to the label,0.9970,,,not uploaded,
E17,uploaded,2026-10-07,lgb_reg_stable.csv,feature removal,E04,E04 minus the 31 unstable features,same as E16 on the smoother model,0.9976,0.9487,-0.0025,noise,"stability-based removal is neutral to slightly negative; fourth removal rule without a gain, close the removal family"
E18,built,,lgb_selftrain.csv,semi-supervised,E01,"one round of pseudo-labels (p >= 0.9 illicit, p <= 0.01 licit, capped) on unlabelled and test rows",unlabelled rows add coverage of later steps,0.9967,,,not uploaded,risk of reinforcing mistakes on drifted steps
E19,uploaded,2026-10-07,lgb_reg_nbstack.csv,graph stacking,E04,"stage 2 adds mean/max of neighbour stage-1 scores, stage-1 scores out-of-fold by time step",neighbours carry signal: test-edge score corr 0.23 vs label corr 0.55 on train edges,0.9982,0.9588,+0.0076,helped,first clear gain: neighbour scores carry signal the single model misses; new best file and the base to build on
E20,uploaded,2026-10-07,lgb_reg_steprescaled.csv,post-processing,E04,score = 0.5 global rank + 0.5 rank within its time step,"E04 flags 0.4-2% of rows in steps 43-49 vs 3-14% in 36-42, late illicit rows may rank too low",0.9923,0.9455,-0.0057,hurt,within-step rescaling hurts on the leaderboard as well as validation; close within-step post-processing
E21,built,,lgb_reg_nbstack_bridge.csv,graph stacking,E19,edge-only nodes stand in the mean score of their other scored neighbours,"25% of test rows (3,891) see no neighbour score; bridging reaches 3,335 of them",0.9982,,,not uploaded,"coverage of test rows with a neighbour score rose from 74.6% to 96.4%, but predictions barely moved (spearman 0.9978 with E19, above the 0.995 waste threshold); stage 2 leans little on rows that lacked neighbour scores"
E22,uploaded,2026-10-08,lgb_reg_nbstack2.csv,graph stacking,E19,second round: out-of-fold stage-2 scores replace stage-1 scores as neighbour inputs,better neighbour scores give better neighbour features,0.9983,0.9599,+0.0011,noise,"new best public file but within noise of E19; a second round adds little, as the validation edge agreement predicted"
E23,uploaded,2026-10-08,lgb_reg_nbstack_pl.csv,semi-supervised,E19,"final stage 2 refitted with confident test rows as pseudo-labels (p >= 0.9, <= 0.01, capped)",rows from the test period itself teach the model that period,0.9982,0.9571,-0.0018,noise,pseudo-labelling test rows does not help on the leaderboard
E24,uploaded,2026-10-08,lgb_nbstack.csv,graph stacking,E19,both stages use the sharper 127-leaf lightgbm (best_params) instead of the smoother one,checks that the stacking gain holds on a different base model before relying on it for the final picks,0.9979,0.9528,-0.0060,hurt,"stacking on the sharper parent scores below E19, but +0.0032 over its own unstacked parent E01, so stacking helps on both bases and the smoother base is better"
E25,uploaded,2026-10-09,lgb_reg_nbstack2_bag.csv,variance reduction,E22,"5 seeds at every stage (stage-1 scores, round-2 scores, final model), averaged",seed averaging is the most reliable small gain for boosted trees and removes seed luck (research: about +0.0002 to +0.0005),0.9985,0.9592,-0.0007,noise,seed bagging moves the public score by less than noise (spearman 0.992 with E22); kept as the low-variance anchor candidate for the final picks
E26,uploaded,2026-10-09,lgb_reg_nbstack2_bag_lr.csv,graph stacking,E25,"add mean/max of neighbours out-of-fold logistic regression scores, logits clipped to the training range","a linear model makes different mistakes from trees, so its neighbour scores add signal; main value is a different candidate for the second pick",0.9985,0.9601,+0.0009,noise,"best public score so far but within noise of E25; 16.6% of test logistic regression logits hit the clipping bounds, a sign of drift; structurally different, so a candidate second final pick"
E27,uploaded,2026-10-09,blend_bag_sharp_2to1.csv,blend,E25,rank blend of E25 (weight 2) with E24 (weight 1),research puts 2:1 as the most weight the sharper stack deserves; tests whether its different errors help,0.9984,0.9591,-0.0001,noise,the 2:1 blend with the sharper stack neither helps nor hurts
E28,uploaded,2026-10-10,lgb_reg_nbstack2_bag_lr_matched.csv,graph matching,E26,graph features and neighbour scores for training rebuilt under the test rule: unlabelled training rows count towards degree but contribute no features or scores,"47% of training neighbours are unlabelled rows with features while 49% of test neighbours are featureless edge-only nodes linked only to test steps; 25% of test rows vs 0% of training rows have no visible neighbour, so every neighbour feature is built differently in train and test",0.9984,0.9589,-0.0012,noise,"matching training neighbourhoods to the test rule does not move the public score, as the test-like proxy predicted; the mismatch is real but the models barely rely on the affected features"
E29,uploaded,2026-10-10,blend_matched_mlp_3to1.csv,blend,E28,rank blend of E28 (weight 3) with a 5-seed lecture-04 MLP on matched features plus neighbour scores (weight 1),a different learner family adds diversity; research: cross-family blends beat the best single model,0.9983,0.9615,+0.0026,noise,"best public score so far (+0.0015 over E26); just under the 0.003 bar against its parent, but the first time a different learner family added to the stack, matching the research that cross-family blends beat the best single model"
E30,uploaded,2026-10-10,lgb_reg_nbstack2_bag_lr_matched_allnb.csv,graph matching,E28,neighbour mean/max over all 159 kept features instead of the top 30 (single seed in stacking stages),16 of the 30 most informative neighbour features fall outside the day-1 top 30,0.9983,0.9590,+0.0001,noise,neighbour aggregates over all features add nothing over the top 30
